{"model":{"type":"range_dispatch","property":"custom_model_data","index":0,"fallback":{"type":"minecraft:model","model":"minecraft:block/andesite"},"entries":[{"threshold":2200624,"model":{"type":"model","model":"infinityexpansion:materials/compressed_cobblestone_2"}},{"threshold":2200639,"model":{"type":"model","model":"infinityexpansion:materials/compressed_cobblestone_1"}},{"threshold":2305034,"model":{"type":"model","model":"minecraft:block/andesite"}},{"threshold":2305061,"model":{"type":"model","model":"infinityexpansion2:materials/compressed_cobblestone_1"}},{"threshold":2305062,"model":{"type":"model","model":"infinityexpansion2:materials/compressed_cobblestone_2"}},{"threshold":2305063,"model":{"type":"model","model":"infinityexpansion2:materials/compressed_cobblestone_3"}},{"threshold":2305064,"model":{"type":"model","model":"item/andesite"}}]},"oversized_in_gui":true}