{"model":{"type":"range_dispatch","property":"custom_model_data","index":0,"fallback":{"type":"minecraft:select","block_state_property":"honey_level","cases":[{"model":{"type":"minecraft:model","model":"minecraft:block/beehive_honey"},"when":"5"}],"fallback":{"type":"minecraft:model","model":"minecraft:block/beehive_empty"},"property":"minecraft:block_state"},"entries":[{"threshold":230511,"model":{"type":"model","block_state_property":"honey_level","cases":[{"model":{"type":"minecraft:model","model":"minecraft:block/beehive_honey"},"when":"5"}],"fallback":{"type":"minecraft:model","model":"minecraft:block/beehive_empty"},"property":"minecraft:block_state","model":"minecraft:block/beehive"}},{"threshold":2300608,"model":{"type":"model","block_state_property":"honey_level","cases":[{"model":{"type":"minecraft:model","model":"minecraft:block/beehive_honey"},"when":"5"}],"fallback":{"type":"minecraft:model","model":"minecraft:block/beehive_empty"},"property":"minecraft:block_state","model":"geneticchickengineering:machines/private_coop"}},{"threshold":2300609,"model":{"type":"model","block_state_property":"honey_level","cases":[{"model":{"type":"minecraft:model","model":"minecraft:block/beehive_honey"},"when":"5"}],"fallback":{"type":"minecraft:model","model":"minecraft:block/beehive_empty"},"property":"minecraft:block_state","model":"item/beehive"}}]},"oversized_in_gui":true}