{"model":{"type":"range_dispatch","property":"custom_model_data","index":0,"fallback":{"type":"minecraft:model","model":"minecraft:item/brown_dye"},"entries":[{"threshold":2200803,"model":{"type":"model","model":"slimy_tree_taps:materials/sticky_resin"}},{"threshold":2202047,"model":{"type":"model","model":"slimefunwarfare:explosives/thioacetone"}},{"threshold":2203135,"model":{"type":"model","model":"gastronomicon:food/gn_caramel"}},{"threshold":2203138,"model":{"type":"model","model":"gastronomicon:food/gn_pulled_pork"}},{"threshold":2203139,"model":{"type":"model","model":"gastronomicon:food/gn_ground_beef"}},{"threshold":2203140,"model":{"type":"model","model":"item/brown_dye"}}]},"oversized_in_gui":true}