{"model":{"type":"range_dispatch","property":"custom_model_data","index":0,"fallback":{"type":"minecraft:condition","on_false":{"type":"minecraft:model","model":"minecraft:item/fishing_rod"},"on_true":{"type":"minecraft:model","model":"minecraft:item/fishing_rod_cast"},"property":"minecraft:fishing_rod/cast"},"entries":[{"threshold":230528,"model":{"type":"minecraft:condition","on_false":{"type":"model","model":"infinityexpansion2:icons/ui_any_strainer"},"on_true":{"type":"model","model":"infinityexpansion2:icons/ui_any_strainer_cast"},"property":"minecraft:fishing_rod/cast"}},{"threshold":2305123,"model":{"type":"minecraft:condition","on_false":{"type":"model","model":"infinityexpansion2:tools/strainer_1"},"on_true":{"type":"model","model":"infinityexpansion2:tools/strainer_1_cast"},"property":"minecraft:fishing_rod/cast"}},{"threshold":2305124,"model":{"type":"minecraft:condition","on_false":{"type":"model","model":"infinityexpansion2:tools/strainer_2"},"on_true":{"type":"model","model":"infinityexpansion2:tools/strainer_2_cast"},"property":"minecraft:fishing_rod/cast"}},{"threshold":2305125,"model":{"type":"minecraft:condition","on_false":{"type":"model","model":"infinityexpansion2:tools/strainer_3"},"on_true":{"type":"model","model":"infinityexpansion2:tools/strainer_3_cast"},"property":"minecraft:fishing_rod/cast"}},{"threshold":2305126,"model":{"type":"minecraft:condition","on_false":{"type":"model","model":"item/fishing_rod"},"on_true":{"type":"minecraft:model","model":"minecraft:item/fishing_rod_cast"},"property":"minecraft:fishing_rod/cast"}}]},"oversized_in_gui":true}