{"model":{"type":"range_dispatch","property":"custom_model_data","index":0,"fallback":{"type":"minecraft:model","model":"minecraft:item/hanging_roots"},"entries":[{"threshold":2300041,"model":{"type":"model","model":"cultivation:products/clt_ginger"}},{"threshold":2300042,"model":{"type":"model","model":"cultivation:products/clt_horseradish"}},{"threshold":2300047,"model":{"type":"model","model":"cultivation:products/clt_licorice"}},{"threshold":2300061,"model":{"type":"model","model":"cultivation:products/clt_wasabi"}},{"threshold":2300062,"model":{"type":"model","model":"item/hanging_roots"}}]},"oversized_in_gui":true}