{"model":{"type":"range_dispatch","property":"custom_model_data","index":0,"fallback":{"type":"minecraft:model","model":"minecraft:item/netherite_sword"},"entries":[{"threshold":2200643,"model":{"type":"model","model":"infinityexpansion:tools/infinity_blade"}},{"threshold":2201355,"model":{"type":"model","model":"foxymachines:weapons/elucidator"}},{"threshold":2201895,"model":{"type":"model","model":"supreme:weapons/sword/supreme_sword_thornium"}},{"threshold":2201896,"model":{"type":"model","model":"supreme:weapons/sword/supreme_sword_magic"}},{"threshold":2201897,"model":{"type":"model","model":"supreme:weapons/sword/supreme_sword_rare"}},{"threshold":2201898,"model":{"type":"model","model":"supreme:weapons/sword/supreme_sword_epic"}},{"threshold":2201899,"model":{"type":"model","model":"supreme:weapons/sword/supreme_sword_legendary"}},{"threshold":2201900,"model":{"type":"model","model":"supreme:weapons/sword/supreme_sword_supreme"}},{"threshold":2305143,"model":{"type":"model","model":"infinityexpansion2:gear/infinity_sword"}},{"threshold":2305144,"model":{"type":"model","model":"item/netherite_sword"}}]},"oversized_in_gui":true}