{"model":{"type":"range_dispatch","property":"custom_model_data","index":0,"fallback":{"type":"minecraft:model","model":"minecraft:block/stone"},"entries":[{"threshold":2200634,"model":{"type":"model","model":"infinityexpansion:materials/compressed_cobblestone_4"}},{"threshold":2200641,"model":{"type":"model","model":"infinityexpansion:materials/compressed_cobblestone_3"}},{"threshold":2305064,"model":{"type":"model","model":"infinityexpansion2:materials/compressed_cobblestone_4"}},{"threshold":2305065,"model":{"type":"model","model":"infinityexpansion2:materials/compressed_cobblestone_5"}},{"threshold":2305066,"model":{"type":"model","model":"item/stone"}}]},"oversized_in_gui":true}