{"model":{"type":"range_dispatch","property":"custom_model_data","index":0,"fallback":{"type":"minecraft:model","model":"minecraft:block/barrel"},"entries":[{"threshold":2203024,"model":{"type":"model","model":"gastronomicon:basic_machines/gn_fermenter"}},{"threshold":2203025,"model":{"type":"model","model":"gastronomicon:basic_machines/gn_large_fermenter"}},{"threshold":2305054,"model":{"type":"model","model":"minecraft:block/barrel"}},{"threshold":2305055,"model":{"type":"model","model":"minecraft:block/barrel"}},{"threshold":2305056,"model":{"type":"model","model":"item/barrel"}}]},"oversized_in_gui":true}