{"model":{"type":"range_dispatch","property":"custom_model_data","index":0,"fallback":{"type":"minecraft:model","model":"minecraft:item/kelp"},"entries":[{"threshold":2203055,"model":{"type":"model","model":"gastronomicon:ingredient/gn_basil"}},{"threshold":2300038,"model":{"type":"model","model":"cultivation:products/clt_curry_leaf"}},{"threshold":2300045,"model":{"type":"model","model":"cultivation:products/clt_kaffir_lime"}},{"threshold":2300070,"model":{"type":"model","model":"cultivation:products/clt_spinach"}},{"threshold":2300076,"model":{"type":"model","model":"cultivation:products/clt_runner_beans"}},{"threshold":2300077,"model":{"type":"model","model":"item/kelp"}}]},"oversized_in_gui":true}