{"model":{"type":"range_dispatch","property":"custom_model_data","index":0,"fallback":{"type":"minecraft:model","model":"minecraft:item/paper"},"entries":[{"threshold":2200049,"model":{"type":"model","model":"slimefun:slimefun/magical_items/magical_book_cover"}},{"threshold":2200115,"model":{"type":"model","model":"slimefun:slimefun/miscellaneous/steel_plate"}},{"threshold":2200206,"model":{"type":"model","model":"slimefun:slimefun/technical_components/reinforced_cloth"}},{"threshold":2200222,"model":{"type":"model","model":"slimefun:slimefun/miscellaneous/cloth"}},{"threshold":2200223,"model":{"type":"model","model":"slimefun:slimefun/items/rag"}},{"threshold":2200224,"model":{"type":"model","model":"slimefun:slimefun/items/bandage"}},{"threshold":2200310,"model":{"type":"model","model":"slimefun:slimefun/magical_gadgets/scroll_of_dimensional_teleposition"}},{"threshold":2200332,"model":{"type":"model","model":"slimefun:slimefun/miscellaneous/reinforced_plate"}},{"threshold":2200385,"model":{"type":"model","model":"slimefun:slimefun/technical_components/plastic_sheet"}},{"threshold":2200609,"model":{"type":"model","model":"infinityexpansion:materials/machine_plate"}},{"threshold":2200801,"model":{"type":"model","model":"slimy_tree_taps:materials/raw_plastic"}},{"threshold":2200810,"model":{"type":"model","model":"litexpansion:materials/advanced_alloy"}},{"threshold":2200816,"model":{"type":"model","model":"litexpansion:materials/iridium_plate"}},{"threshold":2201414,"model":{"type":"model","model":"bump:magical_items/soul_paper"}},{"threshold":2201420,"model":{"type":"model","model":"bump:tools/appraisal_paper_armor"}},{"threshold":2201421,"model":{"type":"model","model":"bump:tools/appraisal_paper_damage"}},{"threshold":2305078,"model":{"type":"model","model":"infinityexpansion2:materials/machine_plate"}},{"threshold":2305079,"model":{"type":"model","model":"item/paper"}}]},"oversized_in_gui":true}