{"model":{"type":"range_dispatch","property":"custom_model_data","index":0,"fallback":{"type":"minecraft:model","model":"minecraft:item/red_stained_glass_pane"},"entries":[{"threshold":230520,"model":{"type":"model","model":"infinityexpansion2:icons/ui_no_power"}},{"threshold":230521,"model":{"type":"model","model":"minecraft:item/red_stained_glass_pane"}},{"threshold":230522,"model":{"type":"model","model":"minecraft:item/red_stained_glass_pane"}},{"threshold":2305047,"model":{"type":"model","model":"infinityexpansion2:icons/ui_ir_need_void"}},{"threshold":2305048,"model":{"type":"model","model":"infinityexpansion2:icons/ui_ir_need_infinity"}},{"threshold":2305052,"model":{"type":"model","model":"infinityexpansion2:icons/ui_isr_need"}},{"threshold":2305057,"model":{"type":"model","model":"minecraft:item/red_stained_glass_pane"}},{"threshold":2305058,"model":{"type":"model","model":"item/red_stained_glass_pane"}}]},"oversized_in_gui":true}