{"author":"Pandicka","authro":"Pandicka","credit":"Made with Blockbench","display":{"firstperson_lefthand":{"rotation":[0,0,4],"translation":[-5.1,-4.7,1.5]},"firstperson_righthand":{"rotation":[-2,-5,5.1],"translation":[-5,-4.6,1.2]},"fixed":{"scale":[0.65,0.65,0.65],"translation":[0,-2,0]},"ground":{"scale":[0.25,0.25,0.25]},"gui":{"rotation":[15,160,3],"scale":[0.65,0.65,0.65],"translation":[0,-1.75,0]},"thirdperson_lefthand":{"rotation":[0,-90,0],"translation":[2,-6,4]},"thirdperson_righthand":{"rotation":[45,-25,0],"translation":[1,-3,-4]}},"elements":[{"faces":{"down":{"texture":"#0","uv":[3.25,5.5,0.25,5.75]},"east":{"texture":"#0","uv":[0.25,0.25,0.5,5.75]},"north":{"texture":"#0","uv":[0.25,0.25,3.25,5.75]},"south":{"texture":"#0","uv":[3.25,0.25,0.25,5.75]},"up":{"texture":"#0","uv":[3.25,0.5,0.25,0.25]},"west":{"texture":"#0","uv":[3,0.25,3.25,5.75]}},"from":[2,0,7],"rotation":{"angle":0,"axis":"y","origin":[8,11,7.5]},"to":[14,22,8]},{"faces":{"down":{"texture":"#0","uv":[8,1.5,8.5,3]},"east":{"texture":"#0","uv":[8.5,1.5,10,3]},"north":{"texture":"#0","uv":[8,1.5,8.75,3]},"south":{"texture":"#0","uv":[8,1.5,8.5,3]},"up":{"texture":"#0","uv":[8,0,9,1.5]},"west":{"texture":"#0","uv":[6.5,1.5,8,3]}},"from":[7,8,8],"rotation":{"angle":0,"axis":"y","origin":[7,12,8]},"to":[9,14,14]}],"format_version":"1.9.0","groups":[{"boneType":"","children":[0,1],"color":0,"name":"group","origin":[7,15,12]}],"gui_light":"front","texture_size":[64,64],"textures":{"0":"infinityexpansion2:gear/cosmic_aegis/infinity_shield_blocking","particle":"infinityexpansion2:gear/cosmic_aegis/infinity_shield_blocking"}}