{
	"type": "minecraft:crafting_shapeless",
	  
  "ingredients": [
        "minecraft:iron_nugget",
        "minecraft:gunpowder",
        "minecraft:fire_charge"
    ],
    "result": {
      "id": "minecraft:clock",
      "count": 1,
      "components": {
        "minecraft:item_model": "minecraft:ammo/flare",
        "minecraft:custom_data": {
          "gz_data": {
            "bullet_type": 8
          }
        },
        "minecraft:item_name": {"translate": "thepa.item.name.bullet_8","color": "white","italic": false}
      }
    }
	
}