{
	"type": "minecraft:crafting_shapeless",
	  
  "ingredients": [
        "minecraft:red_dye",
        "minecraft:gunpowder",
        "minecraft:iron_nugget",
        "minecraft:gold_ingot"
    ],
    "result": {
      "id": "minecraft:clock",
      "count": 2,
      "components": {
        "minecraft:item_model": "minecraft:ammo/shotgun_shells",
        "minecraft:custom_data": {
          "gz_data": {
            "bullet_type": 2
          }
        },
        "minecraft:item_name": {"translate": "thepa.item.name.bullet_2","color": "white","italic": false}
      }
    }
	
}