{
    "type": "minecraft:crafting_shaped",
     
"pattern": [
        "TTT",
        "III",
        " S "
    ],
    "key": {
        "T": "minecraft:tnt",
		"I": "minecraft:iron_block",
		"S": "minecraft:stick"
    },
    "result": {
      "id": "minecraft:clock",
      "count": 1,
      "components": {
        "minecraft:item_model": "minecraft:ammo/rockets",
        "minecraft:custom_data": {
          "gz_data": {
            "bullet_type": 19
          }
        },
        "minecraft:item_name": {"translate": "thepa.item.name.bullet_19","color": "white","italic": false}
      }
    }
    
}