{
	"type": "minecraft:crafting_shapeless",
	  
  "ingredients": [
        "minecraft:iron_nugget",
        "minecraft:gunpowder",
        "minecraft:iron_nugget"
    ],
    "result": {
      "id": "minecraft:clock",
      "count": 20,
      "components": {
        "minecraft:item_model": "minecraft:ammo/light_ammo",
        "minecraft:custom_data": {
          "gz_data": {
            "bullet_type": 7
          }
        },
        "minecraft:item_name": {"translate": "thepa.item.name.bullet_9","color": "white","italic": false}
      }
    }
}