{
    "type": "minecraft:crafting_shaped",
     
"pattern": [
        " PD",
        "BPB",
        "TG "
    ],
    "key": {
        "P": "minecraft:dragon_breath",
        "D": "minecraft:dragon_head",
        "B": "minecraft:blaze_powder",
		"T": "minecraft:stone_button",
		"G": "minecraft:gold_ingot"
    },
    "result": {
        "id": "minecraft:carrot_on_a_stick",
        "components": {
          "minecraft:item_model": "minecraft:guns/dragonflame",
          "minecraft:custom_data": {"gz_data":{"capacity":1, "bullets":0, "reload_time":4, "id":14,"debuff":-0.5},"HideFlags":32},
          "minecraft:item_name": {"translate": "thepa.item.name.gun_14","color": "yellow","italic": false},
          "minecraft:lore": [
            {"translate": "thepa.item.desc.line1","color": "gray","italic": false},
            {"text": "Reload Time: 4s","color": "blue","italic": false},
            {"text":"Uses Dragon Shells"}
          ]
        }
    }
}