{
    "type": "minecraft:crafting_shaped",
      
  "pattern": [
        "IGI",
        "FBB",
        "FCL"
    ],
    "key": {
        "I": "minecraft:iron_ingot",
		    "B": "minecraft:iron_block",
		    "L": "minecraft:lever",
		    "C": "minecraft:red_concrete",
		    "F": "minecraft:fire_charge",
		    "G": "minecraft:glass_pane"
    },
    "result": {
		"id": "minecraft:carrot_on_a_stick",
        "components": {
          "minecraft:item_model": "minecraft:guns/dragonsniper",
          "minecraft:custom_data": {"gz_data":{"capacity":1, "bullets":0, "reload_time":2.5, "id":43,"debuff":-200,"sniper":1},"HideFlags":32},
          "minecraft:item_name": {"translate": "thepa.item.name.gun_27","color": "yellow","italic": false},
          "minecraft:lore": [
            {"translate": "thepa.item.desc.line1","color": "gray","italic": false},
            {"text": "Reload Time: 2.5s","color": "blue","italic": false},
            {"text":"Uses Heavy Ammo"}
          ]
        }
    }
}