{
    "type": "minecraft:crafting_shaped",
      
  "pattern": [
        " GI",
        "GIT",
        "IBS"
    ],
    "key": {
        "I": "minecraft:iron_ingot",
        "B": "minecraft:iron_block",
        "G": "minecraft:glass",
        "T": "minecraft:iron_trapdoor",
        "S": "minecraft:stone_button"
    },
    "result": {
        "id": "minecraft:carrot_on_a_stick",
        "components": {
          "minecraft:item_model": "minecraft:guns/autosniper",
          "minecraft:custom_data": {"gz_data":{"capacity":16, "bullets":0, "reload_time":3.8, "id":46,"debuff":-200,"sniper":1},"HideFlags":32},
          "minecraft:item_name": {"translate": "thepa.item.name.gun_30","color": "yellow","italic": false},
          "minecraft:lore": [
            {"translate": "thepa.item.desc.line1","color": "gray","italic": false},
            {"text": "Reload Time: 3.8s","color": "blue","italic": false},
            {"text":"Uses Medium Rounds"}
          ]
        }
    }
}