{
    "type": "minecraft:crafting_shaped",
      
  "pattern": [
        "OOO",
        "IID",
        "BGG"
    ],
    "key": {
        "O": "minecraft:heavy_weighted_pressure_plate",
        "I": "minecraft:iron_block",
		"G": "minecraft:green_concrete",
		"B": "minecraft:stone_button",
		"D": "minecraft:gold_ingot"
    },
    "result": {
        "id": "minecraft:carrot_on_a_stick",
        "components": {
          "minecraft:item_model": "minecraft:guns/lmg",
          "minecraft:custom_data": {"gz_data":{"capacity":100, "bullets":0, "reload_time":7, "id":24,"debuff":-0.8},"HideFlags":32},
          "minecraft:item_name": {"translate": "thepa.item.name.gun_24","color": "yellow","italic": false},
          "minecraft:lore": [
            {"translate": "thepa.item.desc.line1","color": "gray","italic": false},
            {"text": "Reload Time: 7s","color": "blue","italic": false},
            {"text":"Uses Medium Rounds"}
          ]
        }
    }
}