{
    "type": "minecraft:crafting_shaped",
     
"pattern": [
        "GI ",
        "B I",
        " BG"
    ],
    "key": {
        "I": "minecraft:iron_ingot",
        "G": "minecraft:iron_block",
		"B": "minecraft:stone_button"
    },
    "result": {
        "id": "minecraft:carrot_on_a_stick",
        "components": {
          "minecraft:item_model": "minecraft:guns/dualies",
          "minecraft:custom_data": {"gz_data":{"capacity":18, "bullets":0, "reload_time":4, "id":15,"debuff":-0.5},"HideFlags":32},
          "minecraft:item_name": {"translate": "thepa.item.name.gun_15","color": "yellow","italic": false},
          "minecraft:lore": [
            {"translate": "thepa.item.desc.line1","color": "gray","italic": false},
            {"text": "Reload Time: 4s","color": "blue","italic": false},
            {"text":"Uses Bullets"}
          ]
        }
    }
}