{
    "type": "minecraft:crafting_shaped",
      
  "pattern": [
        "II ",
        "GRS",
        "IIL"
    ],
    "key": {
        "L": "minecraft:lever",
        "I": "minecraft:iron_ingot",
        "S": "minecraft:iron_block",
        "R": "minecraft:redstone",
        "G": "minecraft:green_stained_glass"
    },
    "result": {
        "id": "minecraft:carrot_on_a_stick",
        "components": {
          "minecraft:item_model": "minecraft:guns/longarmtac",
          "minecraft:custom_data": {"gz_data":{"capacity":8, "bullets":0, "reload_time":5.7, "id":47,"debuff":-0.5},"HideFlags":32},
          "minecraft:item_name": {"translate": "thepa.item.name.gun_47","color": "yellow","italic": false},
          "minecraft:lore": [
            {"translate": "thepa.item.desc.line1","color": "gray","italic": false},
            {"text": "Reload Time: 5.7s","color": "blue","italic": false},
            {"text":"Uses Shells"}
          ]
        }
    }
}