{
    "type": "minecraft:crafting_shaped",
     
"pattern": [
        "I  ",
        "LIS",
        "P-L"
    ],
    "key": {
        "L": "#minecraft:logs",
        "I": "minecraft:iron_ingot",
        "S": "minecraft:stone_button",
        "-": "minecraft:iron_block",
        "P": "#minecraft:planks"
    },
    "result": {
        "id": "minecraft:carrot_on_a_stick",
        "components": {
          "minecraft:item_model": "minecraft:guns/tommy_gun",
          "minecraft:custom_data": {"gz_data":{"capacity":50, "bullets":0, "reload_time":2.5, "id":6,"debuff":-0.5},"HideFlags":32},
          "minecraft:item_name": {"translate": "thepa.item.name.gun_6","color": "yellow","italic": false},
          "minecraft:lore": [
            {"translate": "thepa.item.desc.line1","color": "gray","italic": false},
            {"text": "Reload Time: 2.5s","color": "blue","italic": false},
            {"text":"Uses Medium Rounds"}
          ]
        }
    }
}