{
    "type": "minecraft:crafting_shaped",
      
  "pattern": [
        "iGG",
        "LiS",
        " WP"
    ],
    "key": {
        "i": "minecraft:iron_ingot",
        "S": "minecraft:stone_button",
        "L": "minecraft:lever",
        "P": "minecraft:piston",
        "W": "#minecraft:planks",
        "G": "minecraft:glass"
    },
    "result": {
        "id": "minecraft:carrot_on_a_stick",
        "components": {
          "minecraft:item_model": "minecraft:guns/scoped_revolver",
          "minecraft:custom_data": {"gz_data":{"capacity":6, "bullets":0, "reload_time":5, "id":51,"debuff":-1.5,"sniper":1},"HideFlags":32},
          "minecraft:item_name": {"translate": "thepa.item.name.gun_35","color": "yellow","italic": false},
          "minecraft:lore": [
            {"translate": "thepa.item.desc.line1","color": "gray","italic": false},
            {"text": "Reload Time: 5s","color": "blue","italic": false},
            {"text":"Uses Medium Rounds"}
          ]
        }
    }
}