{
    "type": "minecraft:crafting_shaped",
     
"pattern": [
        "IP ",
        "LPF",
        " LB"
    ],
    "key": {
        "I": "minecraft:iron_ingot",
        "B": "minecraft:stone_button",
        "P": "#minecraft:planks",
		"L": "#minecraft:logs",
		"F": "#minecraft:fences"
    },
    "result": {
        "id": "minecraft:carrot_on_a_stick",
        "components": {
          "minecraft:item_model": "minecraft:guns/m1garand",
          "minecraft:custom_data": {"gz_data":{"capacity":8, "bullets":0, "reload_time":1.5, "id":10,"debuff":-0.5},"HideFlags":32},
          "minecraft:item_name": {"translate": "thepa.item.name.gun_10","color": "yellow","italic": false},
          "minecraft:lore": [
            {"translate": "thepa.item.desc.line1","color": "gray","italic": false},
            {"text": "Reload Time: 1.5s","color": "blue","italic": false},
            {"text":"Uses Medium Rounds"}
          ]
        }
    }
}