{
    "type": "minecraft:crafting_shaped",
     
"pattern": [
        "III",
        "RBI",
        " IL"
    ],
    "key": {
        "L": "minecraft:stone_button",
        "I": "minecraft:iron_ingot",
        "B": "minecraft:iron_bars",
        "R": "minecraft:redstone"
    },
    "result": {
        "id": "minecraft:carrot_on_a_stick",
        "components": {
          "minecraft:item_model": "minecraft:guns/p90",
          "minecraft:custom_data": {"gz_data":{"capacity":50, "bullets":0, "reload_time":3, "id":8,"debuff":-0.5},"HideFlags":32},
          "minecraft:item_name": {"translate": "thepa.item.name.gun_8","color": "yellow","italic": false},
          "minecraft:lore": [
            {"translate": "thepa.item.desc.line1","color": "gray","italic": false},
            {"text": "Reload Time: 3s","color": "blue","italic": false},
            {"text":"Uses Light Rounds"}
          ]
        }
    }
}