{
    "type": "minecraft:crafting_shaped",
      
  "pattern": [
        "IDG",
        "RLI",
        "II "
    ],
    "key": {
        "D": "minecraft:daylight_detector",
        "I": "minecraft:iron_ingot",
		"G": "minecraft:lime_stained_glass",
		"L": "minecraft:lightning_rod",
		"R": "minecraft:redstone_block"
    },
    "result": {
        "id": "minecraft:carrot_on_a_stick",
        "components": {
          "minecraft:item_model": "minecraft:guns/lightning_gun",
          "minecraft:custom_data": {"gz_data":{"capacity":4, "bullets":4, "reload_time":5, "id":25,"debuff":-0.5},"HideFlags":32},
          "minecraft:item_name": {"translate": "thepa.item.name.gun_25","color": "yellow","italic": false},
          "minecraft:lore": [
            {"translate": "thepa.item.desc.line1","color": "gray","italic": false},
            {"text": "Reload Time: 5s","color": "blue","italic": false},
            {"text":"Uses Lightning"}
          ]
        }
    }
}