{
    "type": "minecraft:crafting_shaped",
     
"pattern": [
        "OP ",
        "IOI",
        "IR "
    ],
    "key": {
        "P": "minecraft:glass_pane",
        "O": "minecraft:green_concrete",
        "I": "minecraft:iron_ingot",
		"R": "minecraft:redstone_block"
    },
    "result": {
        "id": "minecraft:carrot_on_a_stick",
        "components": {
          "minecraft:item_model": "minecraft:guns/hunting_rifle/hunting_rifle",
          "minecraft:custom_data": {"gz_data":{"capacity":1, "bullets":0, "reload_time":3, "id":21,"debuff":-200,"sniper":1},"HideFlags":32},
          "minecraft:item_name": {"translate": "thepa.item.name.gun_21","color": "yellow","italic": false},
          "minecraft:lore": [
            {"translate": "thepa.item.desc.line1","color": "gray","italic": false},
            {"text": "Reload Time: 3s","color": "blue","italic": false},
            {"text":"Uses Heavy Rounds"}
          ]
        }
    }
}