{
    "type": "minecraft:crafting_shaped",
     
"pattern": [
        "EY ",
        "DL ",
        " NR"
    ],
    "key": {
        "E": "minecraft:ender_pearl",
        "Y": "minecraft:ender_eye",
        "L": "minecraft:end_crystal",
		"R": "minecraft:end_rod",
		"N": "minecraft:netherite_block",
		"D": "minecraft:diamond_block"
    },
    "result": {
        "id": "minecraft:carrot_on_a_stick",
        "components": {
          "minecraft:item_model": "minecraft:guns/shrinker",
          "minecraft:custom_data": {"gz_data":{"capacity":50, "bullets":0, "reload_time":3.5, "id":13,"debuff":-0.5},"HideFlags":32},
          "minecraft:item_name": {"translate": "thepa.item.name.gun_13","color": "yellow","italic": false},
          "minecraft:lore": [
            {"translate": "thepa.item.desc.line1","color": "gray","italic": false},
            {"text": "Reload Time: 3.5s","color": "blue","italic": false},
            {"text":"Uses Chorus Flower"}
          ]
        }
    }
}