{
    "type": "minecraft:crafting_shaped",
      
  "pattern": [
        "OP ",
        "IOI",
        "IRB"
    ],
    "key": {
        "P": "minecraft:glass_pane",
        "O": "minecraft:orange_concrete",
        "I": "minecraft:iron_ingot",
		"R": "minecraft:redstone_block",
		"B": "minecraft:black_concrete"
    },
    "result": {
        "id": "minecraft:carrot_on_a_stick",
        "components": {
          "minecraft:item_model": "minecraft:guns/ssg08/ssg08",
          "minecraft:custom_data": {"gz_data":{"capacity":1, "bullets":0, "reload_time":6, "id":22,"debuff":-200,"sniper":1},"HideFlags":32},
          "minecraft:item_name": {"translate": "thepa.item.name.gun_22","color": "yellow","italic": false},
          "minecraft:lore": [
            {"translate": "thepa.item.desc.line1","color": "gray","italic": false},
            {"text": "Reload Time: 6s","color": "blue","italic": false},
            {"text":"Uses Heavy Rounds"}
          ]
        }
    }
}