{
    "type": "minecraft:crafting_shaped",
     
"pattern": [
        "i  ",
        "LiS",
        " WP"
    ],
    "key": {
        "i": "minecraft:iron_ingot",
        "S": "minecraft:stone_button",
        "L": "minecraft:lever",
        "P": "minecraft:piston",
        "W": "#minecraft:planks"
    },
    "result": {
        "id": "minecraft:carrot_on_a_stick",
        "components": {
          "minecraft:item_model": "minecraft:guns/revolver",
          "minecraft:custom_data": {"gz_data":{"capacity":6, "bullets":0, "reload_time":3, "id":0,"debuff":-0.5},"HideFlags":32},
          "minecraft:item_name": {"translate": "thepa.item.name.gun_0","color": "yellow","italic": false},
          "minecraft:lore": [
            {"translate": "thepa.item.desc.line1","color": "gray","italic": false},
            {"text": "Reload Time: 3s","color": "blue","italic": false},
            {"text":"Uses Bullets"}
          ]
        }
    }
}