{
    "type": "minecraft:crafting_shaped",
      
  "pattern": [
        "LTT",
        "RNI",
        "BL "
    ],
    "key": {
        "I": "minecraft:iron_ingot",
        "N": "minecraft:iron_block",
		"B": "minecraft:stone_button",
		"T": "minecraft:iron_trapdoor",
		"R": "minecraft:repeater",
		"L": "#minecraft:logs"
    },
    "result": {
        "id": "minecraft:carrot_on_a_stick",
        "components": {
          "minecraft:item_model": "minecraft:guns/ak_47",
          "minecraft:custom_data": {"gz_data":{"capacity":25, "bullets":0, "reload_time":5, "id":23,"debuff":-0.5},"HideFlags":32},
          "minecraft:item_name": {"translate": "thepa.item.name.gun_23","color": "yellow","italic": false},
          "minecraft:lore": [
            {"translate": "thepa.item.desc.line1","color": "gray","italic": false},
            {"text": "Reload Time: 5s","color": "blue","italic": false},
            {"text":"Uses Medium Rounds"}
          ]
        }
    }
}