{"author":"Pandicka","display":{"firstperson_lefthand":{"rotation":[0,0,-4],"translation":[-1.3,-8,0.3]},"firstperson_righthand":{"rotation":[0,-3,-4],"translation":[-2.1,-8.5,0.3]},"fixed":{"scale":[0.65,0.65,0.65],"translation":[0,-2,0]},"ground":{"scale":[0.25,0.25,0.25]},"gui":{"rotation":[15,160,4],"scale":[0.65,0.65,0.65],"translation":[0,-1.75,0]},"thirdperson_lefthand":{"rotation":[0,-90,0],"translation":[2,-6,4]},"thirdperson_righthand":{"rotation":[0,-90,0],"translation":[2,-6,4]}},"elements":[{"faces":{"down":{"texture":"#0","uv":[3,5.25,0,5.5]},"east":{"texture":"#0","uv":[0,0,0.25,5.5]},"north":{"texture":"#0","uv":[0,0,3,5.5]},"south":{"texture":"#0","uv":[3,0,0,5.5]},"up":{"texture":"#0","uv":[3,0.25,0,0]},"west":{"texture":"#0","uv":[2.75,0,3,5.5]}},"from":[2,0,7],"rotation":{"angle":0,"axis":"y","origin":[8,11,7.5]},"to":[14,22,8]},{"faces":{"down":{"texture":"#0","uv":[1.5,5.75,1,7]},"east":{"texture":"#0","uv":[3.5,5.75,4.75,6]},"north":{"texture":"#0","uv":[6,2.5,6.5,2.75]},"south":{"texture":"#0","uv":[6,2.75,6.5,3]},"up":{"texture":"#0","uv":[1,7,0.5,5.75]},"west":{"texture":"#0","uv":[4.75,5.75,6,6]}},"from":[7,14,8],"rotation":{"angle":0,"axis":"y","origin":[7,14,8]},"to":[9,15,13]},{"faces":{"down":{"texture":"#0","uv":[2.5,5.75,2,7]},"east":{"texture":"#0","uv":[6,0,7.25,0.25]},"north":{"texture":"#0","uv":[6,3,6.5,3.25]},"south":{"texture":"#0","uv":[6,3.25,6.5,3.5]},"up":{"texture":"#0","uv":[2,7,1.5,5.75]},"west":{"texture":"#0","uv":[6,0.25,7.25,0.5]}},"from":[7,9,8],"rotation":{"angle":0,"axis":"y","origin":[7,9,8]},"to":[9,10,13]},{"faces":{"down":{"texture":"#0","uv":[6.5,3.5,6,3.75]},"east":{"texture":"#0","uv":[6,0.5,6.25,1.5]},"north":{"texture":"#0","uv":[2.5,5.75,3,6.75]},"south":{"texture":"#0","uv":[3,5.75,3.5,6.75]},"up":{"texture":"#0","uv":[4,6.25,3.5,6]},"west":{"texture":"#0","uv":[6,1.5,6.25,2.5]}},"from":[7,10,12],"rotation":{"angle":0,"axis":"x","origin":[7,15,12]},"to":[9,14,13]}],"groups":[{"children":[0,1,2,3],"color":0,"name":"group","origin":[7,15,12]}],"gui_light":"front","texture_size":[64,64],"textures":{"0":"infinityexpansion:tools/cosmic_aegis/cosmic_aegis","particle":"infinityexpansion:tools/cosmic_aegis/cosmic_aegis"}}