{"display":{"firstperson_lefthand":{"rotation":[0,90,-25],"scale":[0.68,0.68,0.68],"translation":[1.13,3.2,1.13]},"firstperson_righthand":{"rotation":[0,-90,25],"scale":[0.68,0.68,0.68],"translation":[1.13,3.2,1.13]},"thirdperson_lefthand":{"rotation":[-80,-280,40],"scale":[0.9,0.9,0.9],"translation":[-1,-2,2.5]},"thirdperson_righthand":{"rotation":[-80,260,-40],"scale":[0.9,0.9,0.9],"translation":[-1,-2,2.5]}},"overrides":[{"model":"item/bow_pulling_0","predicate":{"pulling":1}},{"model":"item/bow_pulling_1","predicate":{"pull":0.65,"pulling":1}},{"model":"item/bow_pulling_2","predicate":{"pull":0.9,"pulling":1}},{"model":"slimefun:slimefun/weapons/soulbound_bow/soulbound_bow","predicate":{"custom_model_data":2200274}},{"model":"slimefun:slimefun/weapons/soulbound_bow/soulbound_bow_0","predicate":{"custom_model_data":2200274,"pulling":1}},{"model":"slimefun:slimefun/weapons/soulbound_bow/soulbound_bow_1","predicate":{"custom_model_data":2200274,"pull":0.65,"pulling":1}},{"model":"slimefun:slimefun/weapons/soulbound_bow/soulbound_bow_2","predicate":{"custom_model_data":2200274,"pull":0.9,"pulling":1}},{"model":"slimefun:slimefun/weapons/explosive_bow/explosive_bow","predicate":{"custom_model_data":2200311}},{"model":"slimefun:slimefun/weapons/explosive_bow/explosive_bow_0","predicate":{"custom_model_data":2200311,"pulling":1}},{"model":"slimefun:slimefun/weapons/explosive_bow/explosive_bow_1","predicate":{"custom_model_data":2200311,"pull":0.65,"pulling":1}},{"model":"slimefun:slimefun/weapons/explosive_bow/explosive_bow_2","predicate":{"custom_model_data":2200311,"pull":0.9,"pulling":1}},{"model":"slimefun:slimefun/weapons/icy_bow/icy_bow","predicate":{"custom_model_data":2200312}},{"model":"slimefun:slimefun/weapons/icy_bow/icy_bow_0","predicate":{"custom_model_data":2200312,"pulling":1}},{"model":"slimefun:slimefun/weapons/icy_bow/icy_bow_1","predicate":{"custom_model_data":2200312,"pull":0.65,"pulling":1}},{"model":"slimefun:slimefun/weapons/icy_bow/icy_bow_2","predicate":{"custom_model_data":2200312,"pull":0.9,"pulling":1}},{"model":"infinityexpansion:tools/sky_piercer/sky_piercer","predicate":{"custom_model_data":2200644}},{"model":"infinityexpansion:tools/sky_piercer/sky_piercer_0","predicate":{"custom_model_data":2200644,"pulling":1}},{"model":"infinityexpansion:tools/sky_piercer/sky_piercer_1","predicate":{"custom_model_data":2200644,"pull":0.65,"pulling":1}},{"model":"infinityexpansion:tools/sky_piercer/sky_piercer_2","predicate":{"custom_model_data":2200644,"pull":0.9,"pulling":1}},{"model":"foxymachines:weapons/acri_arcum/acri_arcum","predicate":{"custom_model_data":2201352}},{"model":"foxymachines:weapons/acri_arcum/acri_arcum_0","predicate":{"custom_model_data":2201352,"pulling":1}},{"model":"foxymachines:weapons/acri_arcum/acri_arcum_1","predicate":{"custom_model_data":2201352,"pull":0.65,"pulling":1}},{"model":"foxymachines:weapons/acri_arcum/acri_arcum_2","predicate":{"custom_model_data":2201352,"pull":0.9,"pulling":1}},{"model":"bump:magical_weapons/light_bow/light_bow","predicate":{"custom_model_data":2201422}},{"model":"bump:magical_weapons/light_bow/light_bow_0","predicate":{"custom_model_data":2201422,"pulling":1}},{"model":"bump:magical_weapons/light_bow/light_bow_1","predicate":{"custom_model_data":2201422,"pull":0.65,"pulling":1}},{"model":"bump:magical_weapons/light_bow/light_bow_2","predicate":{"custom_model_data":2201422,"pull":0.9,"pulling":1}},{"model":"bump:magical_weapons/witherskull_bow/witherskull_bow","predicate":{"custom_model_data":2201423}},{"model":"bump:magical_weapons/witherskull_bow/witherskull_bow_0","predicate":{"custom_model_data":2201423,"pulling":1}},{"model":"bump:magical_weapons/witherskull_bow/witherskull_bow_1","predicate":{"custom_model_data":2201423,"pull":0.65,"pulling":1}},{"model":"bump:magical_weapons/witherskull_bow/witherskull_bow_2","predicate":{"custom_model_data":2201423,"pull":0.9,"pulling":1}},{"model":"supreme:weapons/bow/supreme_bow_thornium","predicate":{"custom_model_data":2201886}},{"model":"supreme:weapons/bow/supreme_bow_thornium_0","predicate":{"custom_model_data":2201886,"pulling":1}},{"model":"supreme:weapons/bow/supreme_bow_thornium_1","predicate":{"custom_model_data":2201886,"pull":0.65,"pulling":1}},{"model":"supreme:weapons/bow/supreme_bow_thornium_2","predicate":{"custom_model_data":2201886,"pull":0.9,"pulling":1}},{"model":"supreme:weapons/bow/supreme_bow_magic","predicate":{"custom_model_data":2201887}},{"model":"supreme:weapons/bow/supreme_bow_magic_0","predicate":{"custom_model_data":2201887,"pulling":1}},{"model":"supreme:weapons/bow/supreme_bow_magic_1","predicate":{"custom_model_data":2201887,"pull":0.65,"pulling":1}},{"model":"supreme:weapons/bow/supreme_bow_magic_2","predicate":{"custom_model_data":2201887,"pull":0.9,"pulling":1}},{"model":"supreme:weapons/bow/supreme_bow_rare","predicate":{"custom_model_data":2201888}},{"model":"supreme:weapons/bow/supreme_bow_rare_0","predicate":{"custom_model_data":2201888,"pulling":1}},{"model":"supreme:weapons/bow/supreme_bow_rare_1","predicate":{"custom_model_data":2201888,"pull":0.65,"pulling":1}},{"model":"supreme:weapons/bow/supreme_bow_rare_2","predicate":{"custom_model_data":2201888,"pull":0.9,"pulling":1}},{"model":"supreme:weapons/bow/supreme_bow_epic","predicate":{"custom_model_data":2201889}},{"model":"supreme:weapons/bow/supreme_bow_epic_0","predicate":{"custom_model_data":2201889,"pulling":1}},{"model":"supreme:weapons/bow/supreme_bow_epic_1","predicate":{"custom_model_data":2201889,"pull":0.65,"pulling":1}},{"model":"supreme:weapons/bow/supreme_bow_epic_2","predicate":{"custom_model_data":2201889,"pull":0.9,"pulling":1}},{"model":"supreme:weapons/bow/supreme_bow_legendary","predicate":{"custom_model_data":2201890}},{"model":"supreme:weapons/bow/supreme_bow_legendary_0","predicate":{"custom_model_data":2201890,"pulling":1}},{"model":"supreme:weapons/bow/supreme_bow_legendary_1","predicate":{"custom_model_data":2201890,"pull":0.65,"pulling":1}},{"model":"supreme:weapons/bow/supreme_bow_legendary_2","predicate":{"custom_model_data":2201890,"pull":0.9,"pulling":1}},{"model":"supreme:weapons/bow/supreme_bow_supreme","predicate":{"custom_model_data":2201891}},{"model":"supreme:weapons/bow/supreme_bow_supreme_0","predicate":{"custom_model_data":2201891,"pulling":1}},{"model":"supreme:weapons/bow/supreme_bow_supreme_1","predicate":{"custom_model_data":2201891,"pull":0.65,"pulling":1}},{"model":"supreme:weapons/bow/supreme_bow_supreme_2","predicate":{"custom_model_data":2201891,"pull":0.9,"pulling":1}},{"model":"infinityexpansion2:gear/sky_piercer/infinity_bow","predicate":{"custom_model_data":2305144}},{"model":"infinityexpansion2:gear/sky_piercer/infinity_bow_0","predicate":{"custom_model_data":2305144,"pulling":1}},{"model":"infinityexpansion2:gear/sky_piercer/infinity_bow_1","predicate":{"custom_model_data":2305144,"pull":0.65,"pulling":1}},{"model":"infinityexpansion2:gear/sky_piercer/infinity_bow_2","predicate":{"custom_model_data":2305144,"pull":0.9,"pulling":1}},{"model":"item/bow","predicate":{"custom_model_data":2305145}}],"parent":"item/generated","textures":{"layer0":"item/bow"}}