{"overrides":[{"model":"fluffymachines:misc/filled_dolly","predicate":{"custom_model_data":2201318}},{"model":"slimetinker:part_building_guide/part_repair_kit_dummy","predicate":{"custom_model_data":2301126}},{"model":"slimetinker:part_dictionary/repair_kit/part_repair_kit_iron","predicate":{"custom_model_data":2301192}},{"model":"slimetinker:part_dictionary/repair_kit/part_repair_kit_gold","predicate":{"custom_model_data":2301209}},{"model":"slimetinker:part_dictionary/repair_kit/part_repair_kit_copper","predicate":{"custom_model_data":2301226}},{"model":"slimetinker:part_dictionary/repair_kit/part_repair_kit_lead","predicate":{"custom_model_data":2301243}},{"model":"slimetinker:part_dictionary/repair_kit/part_repair_kit_silver","predicate":{"custom_model_data":2301260}},{"model":"slimetinker:part_dictionary/repair_kit/part_repair_kit_aluminum","predicate":{"custom_model_data":2301277}},{"model":"slimetinker:part_dictionary/repair_kit/part_repair_kit_tin","predicate":{"custom_model_data":2301294}},{"model":"slimetinker:part_dictionary/repair_kit/part_repair_kit_zinc","predicate":{"custom_model_data":2301311}},{"model":"slimetinker:part_dictionary/repair_kit/part_repair_kit_magnesium","predicate":{"custom_model_data":2301328}},{"model":"slimetinker:part_dictionary/repair_kit/part_repair_kit_steel","predicate":{"custom_model_data":2301347}},{"model":"slimetinker:part_dictionary/repair_kit/part_repair_kit_damascus_steel","predicate":{"custom_model_data":2301365}},{"model":"slimetinker:part_dictionary/repair_kit/part_repair_kit_duralium","predicate":{"custom_model_data":2301383}},{"model":"slimetinker:part_dictionary/repair_kit/part_repair_kit_bronze","predicate":{"custom_model_data":2301401}},{"model":"slimetinker:part_dictionary/repair_kit/part_repair_kit_aluminum_bronze","predicate":{"custom_model_data":2301419}},{"model":"slimetinker:part_dictionary/repair_kit/part_repair_kit_hardened_metal","predicate":{"custom_model_data":2301437}},{"model":"slimetinker:part_dictionary/repair_kit/part_repair_kit_corinthian_bronze","predicate":{"custom_model_data":2301455}},{"model":"slimetinker:part_dictionary/repair_kit/part_repair_kit_solder","predicate":{"custom_model_data":2301473}},{"model":"slimetinker:part_dictionary/repair_kit/part_repair_kit_billon","predicate":{"custom_model_data":2301491}},{"model":"slimetinker:part_dictionary/repair_kit/part_repair_kit_brass","predicate":{"custom_model_data":2301509}},{"model":"slimetinker:part_dictionary/repair_kit/part_repair_kit_aluminum_brass","predicate":{"custom_model_data":2301527}},{"model":"slimetinker:part_dictionary/repair_kit/part_repair_kit_nickel","predicate":{"custom_model_data":2301545}},{"model":"slimetinker:part_dictionary/repair_kit/part_repair_kit_cobalt","predicate":{"custom_model_data":2301563}},{"model":"slimetinker:part_dictionary/repair_kit/part_repair_kit_reinforced_alloy","predicate":{"custom_model_data":2301581}},{"model":"slimetinker:part_dictionary/repair_kit/part_repair_kit_ferrosilicon","predicate":{"custom_model_data":2301636}},{"model":"slimetinker:part_dictionary/repair_kit/part_repair_kit_redstone_alloy","predicate":{"custom_model_data":2301648}},{"model":"slimetinker:part_dictionary/repair_kit/part_repair_kit_boomerite","predicate":{"custom_model_data":2301664}},{"model":"slimetinker:part_dictionary/repair_kit/part_repair_kit_sefirite","predicate":{"custom_model_data":2301671}},{"model":"slimetinker:part_dictionary/repair_kit/part_repair_kit_niceinium","predicate":{"custom_model_data":2301692}},{"model":"slimetinker:part_dictionary/repair_kit/part_repair_kit_smithium","predicate":{"custom_model_data":2301710}},{"model":"slimetinker:part_dictionary/repair_kit/part_repair_kit_anniversarium","predicate":{"custom_model_data":2301718}},{"model":"item/chest_minecart","predicate":{"custom_model_data":2301719}}],"parent":"minecraft:item/generated","textures":{"layer0":"minecraft:item/chest_minecart"}}