{"overrides":[{"model":"slimefun:slimefun/food/fortune_cookie","predicate":{"custom_model_data":2200014}},{"model":"slimefun:slimefun/food/diet_cookie","predicate":{"custom_model_data":2200015}},{"model":"slimefun:slimefun/food/kelp_cookie","predicate":{"custom_model_data":2200025}},{"model":"slimefun:slimefun/christmas/christmas_cookie","predicate":{"custom_model_data":2200320}},{"model":"item/cookie","predicate":{"custom_model_data":2200321}}],"parent":"minecraft:item/generated","textures":{"layer0":"minecraft:item/cookie"}}