{"overrides":[{"model":"slimefun:slimefun/basic_machines/smeltery","predicate":{"custom_model_data":2200057}},{"model":"slimefun:slimefun/basic_machines/enhanced_furnace","predicate":{"custom_model_data":2200292}},{"model":"slimefun:slimefun/basic_machines/enhanced_furnace_2","predicate":{"custom_model_data":2200293}},{"model":"slimefun:slimefun/basic_machines/enhanced_furnace_3","predicate":{"custom_model_data":2200294}},{"model":"slimefun:slimefun/basic_machines/enhanced_furnace_4","predicate":{"custom_model_data":2200295}},{"model":"slimefun:slimefun/basic_machines/enhanced_furnace_5","predicate":{"custom_model_data":2200296}},{"model":"slimefun:slimefun/basic_machines/enhanced_furnace_6","predicate":{"custom_model_data":2200297}},{"model":"slimefun:slimefun/basic_machines/enhanced_furnace_7","predicate":{"custom_model_data":2200298}},{"model":"slimefun:slimefun/basic_machines/enhanced_furnace_8","predicate":{"custom_model_data":2200299}},{"model":"slimefun:slimefun/basic_machines/enhanced_furnace_9","predicate":{"custom_model_data":2200300}},{"model":"slimefun:slimefun/basic_machines/enhanced_furnace_10","predicate":{"custom_model_data":2200301}},{"model":"slimefun:slimefun/basic_machines/enhanced_furnace_11","predicate":{"custom_model_data":2200302}},{"model":"slimefun:slimefun/basic_machines/reinforced_furnace","predicate":{"custom_model_data":2200303}},{"model":"slimefun:slimefun/basic_machines/carbonado_edged_furnace","predicate":{"custom_model_data":2200304}},{"model":"slimefun:slimefun/energy/electric_furnace","predicate":{"custom_model_data":2200351}},{"model":"slimefun:slimefun/energy/electric_furnace_2","predicate":{"custom_model_data":2200352}},{"model":"slimefun:slimefun/energy/electric_furnace_3","predicate":{"custom_model_data":2200353}},{"model":"slimefun:slimefun/energy/electric_ore_grinder","predicate":{"custom_model_data":2200366}},{"model":"slimefun:slimefun/energy/electric_ore_grinder_2","predicate":{"custom_model_data":2200367}},{"model":"slimefun:slimefun/energy/electric_ingot_pulverizer","predicate":{"custom_model_data":2200370}},{"model":"slimefun:slimefun/energy/electric_smeltery","predicate":{"custom_model_data":2200523}},{"model":"slimefun:slimefun/energy/electric_smeltery_2","predicate":{"custom_model_data":2200524}},{"model":"slimefun:slimefun/energy/electric_ore_grinder_3","predicate":{"custom_model_data":2200528}},{"model":"minecraft:block/furnace","predicate":{"custom_model_data":2305031}},{"model":"minecraft:block/furnace","predicate":{"custom_model_data":2305115}},{"model":"minecraft:block/furnace","predicate":{"custom_model_data":2305116}},{"model":"minecraft:block/furnace","predicate":{"custom_model_data":2305174}},{"model":"minecraft:block/furnace","predicate":{"custom_model_data":2305175}},{"model":"minecraft:block/furnace","predicate":{"custom_model_data":2305176}},{"model":"minecraft:block/furnace","predicate":{"custom_model_data":2305177}},{"model":"item/furnace","predicate":{"custom_model_data":2305178}}],"parent":"minecraft:block/furnace"}