{"display":{"firstperson_righthand":{"rotation":[0,-90,25],"scale":[0.68,0.68,0.68],"translation":[1.13,0,1.13]},"thirdperson_righthand":{"rotation":[0,0,0],"scale":[0.55,0.55,0.55],"translation":[0,0,1]}},"overrides":[{"model":"cultivation:products/clt_ginger","predicate":{"custom_model_data":2300041}},{"model":"cultivation:products/clt_horseradish","predicate":{"custom_model_data":2300042}},{"model":"cultivation:products/clt_licorice","predicate":{"custom_model_data":2300047}},{"model":"cultivation:products/clt_wasabi","predicate":{"custom_model_data":2300061}},{"model":"item/hanging_roots","predicate":{"custom_model_data":2300062}}],"parent":"item/generated","textures":{"layer0":"minecraft:block/hanging_roots"}}