{"overrides":[{"model":"minecraft:item/iron_helmet_quartz_trim","predicate":{"trim_type":0.1}},{"model":"minecraft:item/iron_helmet_iron_darker_trim","predicate":{"trim_type":0.2}},{"model":"minecraft:item/iron_helmet_netherite_trim","predicate":{"trim_type":0.3}},{"model":"minecraft:item/iron_helmet_redstone_trim","predicate":{"trim_type":0.4}},{"model":"minecraft:item/iron_helmet_copper_trim","predicate":{"trim_type":0.5}},{"model":"minecraft:item/iron_helmet_gold_trim","predicate":{"trim_type":0.6}},{"model":"minecraft:item/iron_helmet_emerald_trim","predicate":{"trim_type":0.7}},{"model":"minecraft:item/iron_helmet_diamond_trim","predicate":{"trim_type":0.8}},{"model":"minecraft:item/iron_helmet_lapis_trim","predicate":{"trim_type":0.9}},{"model":"minecraft:item/iron_helmet_amethyst_trim","predicate":{"trim_type":1.0}},{"model":"slimefun:slimefun/armor/damascus_armor/damascus_helmet","predicate":{"custom_model_data":2200065}},{"model":"slimefun:slimefun/armor/damascus_armor/damascus_helmet","predicate":{"custom_model_data":2200065,"trim_type":0.1}},{"model":"slimefun:slimefun/armor/damascus_armor/damascus_helmet","predicate":{"custom_model_data":2200065,"trim_type":0.2}},{"model":"slimefun:slimefun/armor/damascus_armor/damascus_helmet","predicate":{"custom_model_data":2200065,"trim_type":0.3}},{"model":"slimefun:slimefun/armor/damascus_armor/damascus_helmet","predicate":{"custom_model_data":2200065,"trim_type":0.4}},{"model":"slimefun:slimefun/armor/damascus_armor/damascus_helmet","predicate":{"custom_model_data":2200065,"trim_type":0.5}},{"model":"slimefun:slimefun/armor/damascus_armor/damascus_helmet","predicate":{"custom_model_data":2200065,"trim_type":0.6}},{"model":"slimefun:slimefun/armor/damascus_armor/damascus_helmet","predicate":{"custom_model_data":2200065,"trim_type":0.7}},{"model":"slimefun:slimefun/armor/damascus_armor/damascus_helmet","predicate":{"custom_model_data":2200065,"trim_type":0.8}},{"model":"slimefun:slimefun/armor/damascus_armor/damascus_helmet","predicate":{"custom_model_data":2200065,"trim_type":0.9}},{"model":"slimefun:slimefun/armor/damascus_armor/damascus_helmet","predicate":{"custom_model_data":2200065,"trim_type":1.0}},{"model":"slimefun:slimefun/armor/reinforced_armor/reinforced_helmet","predicate":{"custom_model_data":2200069}},{"model":"slimefun:slimefun/armor/reinforced_armor/reinforced_helmet","predicate":{"custom_model_data":2200069,"trim_type":0.1}},{"model":"slimefun:slimefun/armor/reinforced_armor/reinforced_helmet","predicate":{"custom_model_data":2200069,"trim_type":0.2}},{"model":"slimefun:slimefun/armor/reinforced_armor/reinforced_helmet","predicate":{"custom_model_data":2200069,"trim_type":0.3}},{"model":"slimefun:slimefun/armor/reinforced_armor/reinforced_helmet","predicate":{"custom_model_data":2200069,"trim_type":0.4}},{"model":"slimefun:slimefun/armor/reinforced_armor/reinforced_helmet","predicate":{"custom_model_data":2200069,"trim_type":0.5}},{"model":"slimefun:slimefun/armor/reinforced_armor/reinforced_helmet","predicate":{"custom_model_data":2200069,"trim_type":0.6}},{"model":"slimefun:slimefun/armor/reinforced_armor/reinforced_helmet","predicate":{"custom_model_data":2200069,"trim_type":0.7}},{"model":"slimefun:slimefun/armor/reinforced_armor/reinforced_helmet","predicate":{"custom_model_data":2200069,"trim_type":0.8}},{"model":"slimefun:slimefun/armor/reinforced_armor/reinforced_helmet","predicate":{"custom_model_data":2200069,"trim_type":0.9}},{"model":"slimefun:slimefun/armor/reinforced_armor/reinforced_helmet","predicate":{"custom_model_data":2200069,"trim_type":1.0}},{"model":"slimefun:slimefun/technical_gadgets/solar_helmet","predicate":{"custom_model_data":2200158}},{"model":"slimefun:slimefun/technical_gadgets/solar_helmet","predicate":{"custom_model_data":2200158,"trim_type":0.1}},{"model":"slimefun:slimefun/technical_gadgets/solar_helmet","predicate":{"custom_model_data":2200158,"trim_type":0.2}},{"model":"slimefun:slimefun/technical_gadgets/solar_helmet","predicate":{"custom_model_data":2200158,"trim_type":0.3}},{"model":"slimefun:slimefun/technical_gadgets/solar_helmet","predicate":{"custom_model_data":2200158,"trim_type":0.4}},{"model":"slimefun:slimefun/technical_gadgets/solar_helmet","predicate":{"custom_model_data":2200158,"trim_type":0.5}},{"model":"slimefun:slimefun/technical_gadgets/solar_helmet","predicate":{"custom_model_data":2200158,"trim_type":0.6}},{"model":"slimefun:slimefun/technical_gadgets/solar_helmet","predicate":{"custom_model_data":2200158,"trim_type":0.7}},{"model":"slimefun:slimefun/technical_gadgets/solar_helmet","predicate":{"custom_model_data":2200158,"trim_type":0.8}},{"model":"slimefun:slimefun/technical_gadgets/solar_helmet","predicate":{"custom_model_data":2200158,"trim_type":0.9}},{"model":"slimefun:slimefun/technical_gadgets/solar_helmet","predicate":{"custom_model_data":2200158,"trim_type":1.0}},{"model":"slimefun:slimefun/magical_armor/slime_armor_steel/slime_steel_helmet","predicate":{"custom_model_data":2200233}},{"model":"slimefun:slimefun/magical_armor/slime_armor_steel/slime_steel_helmet","predicate":{"custom_model_data":2200233,"trim_type":0.1}},{"model":"slimefun:slimefun/magical_armor/slime_armor_steel/slime_steel_helmet","predicate":{"custom_model_data":2200233,"trim_type":0.2}},{"model":"slimefun:slimefun/magical_armor/slime_armor_steel/slime_steel_helmet","predicate":{"custom_model_data":2200233,"trim_type":0.3}},{"model":"slimefun:slimefun/magical_armor/slime_armor_steel/slime_steel_helmet","predicate":{"custom_model_data":2200233,"trim_type":0.4}},{"model":"slimefun:slimefun/magical_armor/slime_armor_steel/slime_steel_helmet","predicate":{"custom_model_data":2200233,"trim_type":0.5}},{"model":"slimefun:slimefun/magical_armor/slime_armor_steel/slime_steel_helmet","predicate":{"custom_model_data":2200233,"trim_type":0.6}},{"model":"slimefun:slimefun/magical_armor/slime_armor_steel/slime_steel_helmet","predicate":{"custom_model_data":2200233,"trim_type":0.7}},{"model":"slimefun:slimefun/magical_armor/slime_armor_steel/slime_steel_helmet","predicate":{"custom_model_data":2200233,"trim_type":0.8}},{"model":"slimefun:slimefun/magical_armor/slime_armor_steel/slime_steel_helmet","predicate":{"custom_model_data":2200233,"trim_type":0.9}},{"model":"slimefun:slimefun/magical_armor/slime_armor_steel/slime_steel_helmet","predicate":{"custom_model_data":2200233,"trim_type":1.0}},{"model":"extra_gear:armor/aluminum/aluminum_helmet","predicate":{"custom_model_data":2201203}},{"model":"extra_gear:armor/aluminum/aluminum_helmet","predicate":{"custom_model_data":2201203,"trim_type":0.1}},{"model":"extra_gear:armor/aluminum/aluminum_helmet","predicate":{"custom_model_data":2201203,"trim_type":0.2}},{"model":"extra_gear:armor/aluminum/aluminum_helmet","predicate":{"custom_model_data":2201203,"trim_type":0.3}},{"model":"extra_gear:armor/aluminum/aluminum_helmet","predicate":{"custom_model_data":2201203,"trim_type":0.4}},{"model":"extra_gear:armor/aluminum/aluminum_helmet","predicate":{"custom_model_data":2201203,"trim_type":0.5}},{"model":"extra_gear:armor/aluminum/aluminum_helmet","predicate":{"custom_model_data":2201203,"trim_type":0.6}},{"model":"extra_gear:armor/aluminum/aluminum_helmet","predicate":{"custom_model_data":2201203,"trim_type":0.7}},{"model":"extra_gear:armor/aluminum/aluminum_helmet","predicate":{"custom_model_data":2201203,"trim_type":0.8}},{"model":"extra_gear:armor/aluminum/aluminum_helmet","predicate":{"custom_model_data":2201203,"trim_type":0.9}},{"model":"extra_gear:armor/aluminum/aluminum_helmet","predicate":{"custom_model_data":2201203,"trim_type":1.0}},{"model":"extra_gear:armor/cobalt/cobalt_helmet","predicate":{"custom_model_data":2201207}},{"model":"extra_gear:armor/cobalt/cobalt_helmet","predicate":{"custom_model_data":2201207,"trim_type":0.1}},{"model":"extra_gear:armor/cobalt/cobalt_helmet","predicate":{"custom_model_data":2201207,"trim_type":0.2}},{"model":"extra_gear:armor/cobalt/cobalt_helmet","predicate":{"custom_model_data":2201207,"trim_type":0.3}},{"model":"extra_gear:armor/cobalt/cobalt_helmet","predicate":{"custom_model_data":2201207,"trim_type":0.4}},{"model":"extra_gear:armor/cobalt/cobalt_helmet","predicate":{"custom_model_data":2201207,"trim_type":0.5}},{"model":"extra_gear:armor/cobalt/cobalt_helmet","predicate":{"custom_model_data":2201207,"trim_type":0.6}},{"model":"extra_gear:armor/cobalt/cobalt_helmet","predicate":{"custom_model_data":2201207,"trim_type":0.7}},{"model":"extra_gear:armor/cobalt/cobalt_helmet","predicate":{"custom_model_data":2201207,"trim_type":0.8}},{"model":"extra_gear:armor/cobalt/cobalt_helmet","predicate":{"custom_model_data":2201207,"trim_type":0.9}},{"model":"extra_gear:armor/cobalt/cobalt_helmet","predicate":{"custom_model_data":2201207,"trim_type":1.0}},{"model":"extra_gear:armor/lead/lead_helmet","predicate":{"custom_model_data":2201215}},{"model":"extra_gear:armor/lead/lead_helmet","predicate":{"custom_model_data":2201215,"trim_type":0.1}},{"model":"extra_gear:armor/lead/lead_helmet","predicate":{"custom_model_data":2201215,"trim_type":0.2}},{"model":"extra_gear:armor/lead/lead_helmet","predicate":{"custom_model_data":2201215,"trim_type":0.3}},{"model":"extra_gear:armor/lead/lead_helmet","predicate":{"custom_model_data":2201215,"trim_type":0.4}},{"model":"extra_gear:armor/lead/lead_helmet","predicate":{"custom_model_data":2201215,"trim_type":0.5}},{"model":"extra_gear:armor/lead/lead_helmet","predicate":{"custom_model_data":2201215,"trim_type":0.6}},{"model":"extra_gear:armor/lead/lead_helmet","predicate":{"custom_model_data":2201215,"trim_type":0.7}},{"model":"extra_gear:armor/lead/lead_helmet","predicate":{"custom_model_data":2201215,"trim_type":0.8}},{"model":"extra_gear:armor/lead/lead_helmet","predicate":{"custom_model_data":2201215,"trim_type":0.9}},{"model":"extra_gear:armor/lead/lead_helmet","predicate":{"custom_model_data":2201215,"trim_type":1.0}},{"model":"extra_gear:armor/magnesium/magnesium_helmet","predicate":{"custom_model_data":2201219}},{"model":"extra_gear:armor/magnesium/magnesium_helmet","predicate":{"custom_model_data":2201219,"trim_type":0.1}},{"model":"extra_gear:armor/magnesium/magnesium_helmet","predicate":{"custom_model_data":2201219,"trim_type":0.2}},{"model":"extra_gear:armor/magnesium/magnesium_helmet","predicate":{"custom_model_data":2201219,"trim_type":0.3}},{"model":"extra_gear:armor/magnesium/magnesium_helmet","predicate":{"custom_model_data":2201219,"trim_type":0.4}},{"model":"extra_gear:armor/magnesium/magnesium_helmet","predicate":{"custom_model_data":2201219,"trim_type":0.5}},{"model":"extra_gear:armor/magnesium/magnesium_helmet","predicate":{"custom_model_data":2201219,"trim_type":0.6}},{"model":"extra_gear:armor/magnesium/magnesium_helmet","predicate":{"custom_model_data":2201219,"trim_type":0.7}},{"model":"extra_gear:armor/magnesium/magnesium_helmet","predicate":{"custom_model_data":2201219,"trim_type":0.8}},{"model":"extra_gear:armor/magnesium/magnesium_helmet","predicate":{"custom_model_data":2201219,"trim_type":0.9}},{"model":"extra_gear:armor/magnesium/magnesium_helmet","predicate":{"custom_model_data":2201219,"trim_type":1.0}},{"model":"extra_gear:armor/silver/silver_helmet","predicate":{"custom_model_data":2201223}},{"model":"extra_gear:armor/silver/silver_helmet","predicate":{"custom_model_data":2201223,"trim_type":0.1}},{"model":"extra_gear:armor/silver/silver_helmet","predicate":{"custom_model_data":2201223,"trim_type":0.2}},{"model":"extra_gear:armor/silver/silver_helmet","predicate":{"custom_model_data":2201223,"trim_type":0.3}},{"model":"extra_gear:armor/silver/silver_helmet","predicate":{"custom_model_data":2201223,"trim_type":0.4}},{"model":"extra_gear:armor/silver/silver_helmet","predicate":{"custom_model_data":2201223,"trim_type":0.5}},{"model":"extra_gear:armor/silver/silver_helmet","predicate":{"custom_model_data":2201223,"trim_type":0.6}},{"model":"extra_gear:armor/silver/silver_helmet","predicate":{"custom_model_data":2201223,"trim_type":0.7}},{"model":"extra_gear:armor/silver/silver_helmet","predicate":{"custom_model_data":2201223,"trim_type":0.8}},{"model":"extra_gear:armor/silver/silver_helmet","predicate":{"custom_model_data":2201223,"trim_type":0.9}},{"model":"extra_gear:armor/silver/silver_helmet","predicate":{"custom_model_data":2201223,"trim_type":1.0}},{"model":"extra_gear:armor/steel/steel_helmet","predicate":{"custom_model_data":2201227}},{"model":"extra_gear:armor/steel/steel_helmet","predicate":{"custom_model_data":2201227,"trim_type":0.1}},{"model":"extra_gear:armor/steel/steel_helmet","predicate":{"custom_model_data":2201227,"trim_type":0.2}},{"model":"extra_gear:armor/steel/steel_helmet","predicate":{"custom_model_data":2201227,"trim_type":0.3}},{"model":"extra_gear:armor/steel/steel_helmet","predicate":{"custom_model_data":2201227,"trim_type":0.4}},{"model":"extra_gear:armor/steel/steel_helmet","predicate":{"custom_model_data":2201227,"trim_type":0.5}},{"model":"extra_gear:armor/steel/steel_helmet","predicate":{"custom_model_data":2201227,"trim_type":0.6}},{"model":"extra_gear:armor/steel/steel_helmet","predicate":{"custom_model_data":2201227,"trim_type":0.7}},{"model":"extra_gear:armor/steel/steel_helmet","predicate":{"custom_model_data":2201227,"trim_type":0.8}},{"model":"extra_gear:armor/steel/steel_helmet","predicate":{"custom_model_data":2201227,"trim_type":0.9}},{"model":"extra_gear:armor/steel/steel_helmet","predicate":{"custom_model_data":2201227,"trim_type":1.0}},{"model":"extra_gear:armor/tin/tin_helmet","predicate":{"custom_model_data":2201231}},{"model":"extra_gear:armor/tin/tin_helmet","predicate":{"custom_model_data":2201231,"trim_type":0.1}},{"model":"extra_gear:armor/tin/tin_helmet","predicate":{"custom_model_data":2201231,"trim_type":0.2}},{"model":"extra_gear:armor/tin/tin_helmet","predicate":{"custom_model_data":2201231,"trim_type":0.3}},{"model":"extra_gear:armor/tin/tin_helmet","predicate":{"custom_model_data":2201231,"trim_type":0.4}},{"model":"extra_gear:armor/tin/tin_helmet","predicate":{"custom_model_data":2201231,"trim_type":0.5}},{"model":"extra_gear:armor/tin/tin_helmet","predicate":{"custom_model_data":2201231,"trim_type":0.6}},{"model":"extra_gear:armor/tin/tin_helmet","predicate":{"custom_model_data":2201231,"trim_type":0.7}},{"model":"extra_gear:armor/tin/tin_helmet","predicate":{"custom_model_data":2201231,"trim_type":0.8}},{"model":"extra_gear:armor/tin/tin_helmet","predicate":{"custom_model_data":2201231,"trim_type":0.9}},{"model":"extra_gear:armor/tin/tin_helmet","predicate":{"custom_model_data":2201231,"trim_type":1.0}},{"model":"extra_gear:armor/zinc/zinc_helmet","predicate":{"custom_model_data":2201235}},{"model":"extra_gear:armor/zinc/zinc_helmet","predicate":{"custom_model_data":2201235,"trim_type":0.1}},{"model":"extra_gear:armor/zinc/zinc_helmet","predicate":{"custom_model_data":2201235,"trim_type":0.2}},{"model":"extra_gear:armor/zinc/zinc_helmet","predicate":{"custom_model_data":2201235,"trim_type":0.3}},{"model":"extra_gear:armor/zinc/zinc_helmet","predicate":{"custom_model_data":2201235,"trim_type":0.4}},{"model":"extra_gear:armor/zinc/zinc_helmet","predicate":{"custom_model_data":2201235,"trim_type":0.5}},{"model":"extra_gear:armor/zinc/zinc_helmet","predicate":{"custom_model_data":2201235,"trim_type":0.6}},{"model":"extra_gear:armor/zinc/zinc_helmet","predicate":{"custom_model_data":2201235,"trim_type":0.7}},{"model":"extra_gear:armor/zinc/zinc_helmet","predicate":{"custom_model_data":2201235,"trim_type":0.8}},{"model":"extra_gear:armor/zinc/zinc_helmet","predicate":{"custom_model_data":2201235,"trim_type":0.9}},{"model":"extra_gear:armor/zinc/zinc_helmet","predicate":{"custom_model_data":2201235,"trim_type":1.0}},{"model":"item/iron_helmet","predicate":{"custom_model_data":2201236}}],"parent":"minecraft:item/generated","textures":{"layer0":"minecraft:item/iron_helmet"}}