{"overrides":[{"model":"infinityexpansion:tools/mountain_eater","predicate":{"custom_model_data":2200651}},{"model":"fluffymachines:tools/netherite_paxel","predicate":{"custom_model_data":2201302}},{"model":"supreme:weapons/shovel/supreme_shovel_thornium","predicate":{"custom_model_data":2201928}},{"model":"supreme:weapons/shovel/supreme_shovel_magic","predicate":{"custom_model_data":2201929}},{"model":"supreme:weapons/shovel/supreme_shovel_rare","predicate":{"custom_model_data":2201930}},{"model":"supreme:weapons/shovel/supreme_shovel_epic","predicate":{"custom_model_data":2201931}},{"model":"supreme:weapons/shovel/supreme_shovel_legendary","predicate":{"custom_model_data":2201932}},{"model":"supreme:weapons/shovel/supreme_shovel_supreme","predicate":{"custom_model_data":2201933}},{"model":"infinityexpansion2:tools/infinity_shovel","predicate":{"custom_model_data":2305128}},{"model":"item/netherite_shovel","predicate":{"custom_model_data":2305129}}],"parent":"minecraft:item/handheld","textures":{"layer0":"minecraft:item/netherite_shovel"}}