{"overrides":[{"model":"infinityexpansion:materials/void_ingot","predicate":{"custom_model_data":2200619}},{"model":"fluffymachines:portable_chargers/carbonado_portable_charger","predicate":{"custom_model_data":2201290}},{"model":"supreme:components/supreme_alloy_adamantium","predicate":{"custom_model_data":2201531}},{"model":"supreme:components/supreme_thornium_carbonado","predicate":{"custom_model_data":2201547}},{"model":"supreme:components/supreme_thornium_energized","predicate":{"custom_model_data":2201548}},{"model":"supreme:components/supreme_thornerite","predicate":{"custom_model_data":2201549}},{"model":"slimefunwarfare:resources/neodymium_ingot","predicate":{"custom_model_data":2202067}},{"model":"slimefunwarfare:resources/dysprosium_ingot","predicate":{"custom_model_data":2202070}},{"model":"slimefunwarfare:general/ndfeb_alloy","predicate":{"custom_model_data":2202076}},{"model":"infinityexpansion2:materials/void_ingot","predicate":{"custom_model_data":2305073}},{"model":"infinityexpansion2:materials/unknown_smithing_template","predicate":{"custom_model_data":2305084}},{"model":"item/netherite_ingot","predicate":{"custom_model_data":2305085}}],"parent":"minecraft:item/generated","textures":{"layer0":"minecraft:item/netherite_ingot"}}