{"overrides":[{"model":"supreme:components/supreme_synthetic_ruby","predicate":{"custom_model_data":2201540}},{"model":"slimetinker:materials/nuggets/nugget_cast_fondness","predicate":{"custom_model_data":2301063}},{"model":"slimetinker:materials/nuggets/nugget_cast_devotion","predicate":{"custom_model_data":2301065}},{"model":"slimetinker:materials/nuggets/nugget_cast_passion","predicate":{"custom_model_data":2301067}},{"model":"slimetinker:materials/nuggets/nugget_cast_love","predicate":{"custom_model_data":2301069}},{"model":"slimetinker:materials/blocks/block_cast_love","predicate":{"custom_model_data":2301071}},{"model":"item/pink_dye","predicate":{"custom_model_data":2301072}}],"parent":"minecraft:item/generated","textures":{"layer0":"minecraft:item/pink_dye"}}