{"overrides":[{"model":"infinityexpansion2:icons/ui_no_power","predicate":{"custom_model_data":230520}},{"model":"minecraft:item/red_stained_glass_pane","predicate":{"custom_model_data":230521}},{"model":"minecraft:item/red_stained_glass_pane","predicate":{"custom_model_data":230522}},{"model":"infinityexpansion2:icons/ui_ir_need_void","predicate":{"custom_model_data":2305047}},{"model":"infinityexpansion2:icons/ui_ir_need_infinity","predicate":{"custom_model_data":2305048}},{"model":"infinityexpansion2:icons/ui_isr_need","predicate":{"custom_model_data":2305052}},{"model":"minecraft:item/red_stained_glass_pane","predicate":{"custom_model_data":2305057}},{"model":"item/red_stained_glass_pane","predicate":{"custom_model_data":2305058}}],"parent":"minecraft:item/generated","textures":{"layer0":"minecraft:block/red_stained_glass"}}