{"author":"AlmostPanda","credit":"Made with Blockbench","display":{"firstperson_lefthand":{"rotation":[180,55.5,180],"scale":[0.4,0.4,0.4]},"firstperson_righthand":{"rotation":[-180,55.5,-180],"scale":[0.4,0.4,0.4]},"fixed":{"scale":[0.6,0.6,0.6],"translation":[0,-0.3,0]},"ground":{"scale":[0.25,0.25,0.25],"translation":[0,1.5,0]},"gui":{"rotation":[30,145,0],"scale":[0.6,0.6,0.6],"translation":[0,-0.8,0]},"head":{"scale":[0.5,0.5,0.5],"translation":[0,10.4,0]},"thirdperson_lefthand":{"rotation":[0,45,0],"scale":[0.3,0.3,0.3],"translation":[0,2.5,0]},"thirdperson_righthand":{"rotation":[0,45,0],"scale":[0.3,0.3,0.3],"translation":[0,2.5,0]}},"elements":[{"faces":{"down":{"texture":"#0","uv":[3,9.5,2,10.5]},"east":{"texture":"#0","uv":[0,10.5,1,13.5]},"north":{"texture":"#0","uv":[1,10.5,2,13.5]},"south":{"texture":"#0","uv":[3,10.5,4,13.5]},"up":{"texture":"#0","uv":[2,10.5,1,9.5]},"west":{"texture":"#0","uv":[2,10.5,3,13.5]}},"from":[7,1,7],"rotation":{"angle":0,"axis":"y","origin":[7.25,7,7.25]},"to":[9.5,13,9.5]},{"faces":{"down":{"texture":"#0","uv":[12,5,8,9]},"east":{"texture":"#0","uv":[0,9,4,9.25]},"north":{"texture":"#0","uv":[4,9,8,9.25]},"south":{"texture":"#0","uv":[12,9,16,9.25]},"up":{"texture":"#0","uv":[8,9,4,5]},"west":{"texture":"#0","uv":[8,9,12,9.25]}},"from":[2,0,2],"to":[14,1,14]},{"faces":{"down":{"texture":"#0","uv":[12,0,8,4]},"east":{"texture":"#0","uv":[0,4,4,5]},"north":{"texture":"#0","uv":[4,4,8,5]},"south":{"texture":"#0","uv":[12,4,16,5]},"up":{"texture":"#0","uv":[8,4,4,0]},"west":{"texture":"#0","uv":[8,4,12,5]}},"from":[0,6,3],"rotation":{"angle":-45,"axis":"x","origin":[0,6,3]},"to":[16,8.5,19]}],"groups":[{"boneType":"","children":[0,1,2],"color":0,"name":"group","origin":[0,6,3]}],"gui_light":"front","texture_size":[64,64],"textures":{"0":"infinityexpansion2:generators/solar_panel_2","particle":"infinityexpansion2:generators/solar_panel_2"}}